Workbook

Sheet 总览看板
A1: 科研小组动物台账总览（负责人矩阵分开版·无统计图）
A2: 口径：根据原始记录整理；本版已将负责人管理矩阵拆为“负责人×老鼠品系”和“负责人×实验状态”两个独立板块，避免状态与品系混列。
A4: 总动物数 | C4: 沙鼠 | E4: C57BL/6J | G4: 基因鼠 | I4: 已补保种日期记录 | K4: 待确认保种日期记录
A5: =SUM(动物台账明细!$F$4:$F$22) -> 214 | C5: =SUMIFS(动物台账明细!$F$4:$F$22,动物台账明细!$B$4:$B$22,"沙鼠") -> 24 | E5: =SUMIFS(动物台账明细!$F$4:$F$22,动物台账明细!$B$4:$B$22,"C57BL/6J") -> 148 | G5: =SUMIFS(动物台账明细!$F$4:$F$22,动物台账明细!$B$4:$B$22,"基因鼠") -> 42 | I5: 2 | K5: 2
A6: 只 | C6: 只 | E6: 只 | G6: 只 | I6: 条 | K6: 条
A9: 按负责人管理矩阵（实验状态与老鼠品系分开）
A11: 一、负责人 × 老鼠品系/品种矩阵 | G11: 二、负责人 × 实验状态矩阵
A12: 负责人 | B12: 沙鼠 | C12: C57BL/6J | D12: 基因鼠 | E12: 合计 | G12: 负责人 | H12: 实验中 | I12: 空白 | J12: 保种 | K12: 繁育中 | L12: 合计
A13: 科研小组（待分配） | B13: =SUMIFS(动物台账明细!$F:$F,动物台账明细!$C:$C,$A13,动物台账明细!$B:$B,B$12) -> 24 | C13: =SUMIFS(动物台账明细!$F:$F,动物台账明细!$C:$C,$A13,动物台账明细!$B:$B,C$12) -> 0 | D13: =SUMIFS(动物台账明细!$F:$F,动物台账明细!$C:$C,$A13,动物台账明细!$B:$B,D$12) -> 0 | E13: =SUM(B13:D13) -> 24 | G13: 科研小组（待分配） | H13: =SUMIFS(动物台账明细!$F:$F,动物台账明细!$C:$C,$G13,动物台账明细!$E:$E,H$12) -> 6 | I13: =SUMIFS(动物台账明细!$F:$F,动物台账明细!$C:$C,$G13,动物台账明细!$E:$E,I$12) -> 10 | J13: =SUMIFS(动物台账明细!$F:$F,动物台账明细!$C:$C,$G13,动物台账明细!$E:$E,J$12) -> 8 | K13: =SUMIFS(动物台账明细!$F:$F,动物台账明细!$C:$C,$G13,动物台账明细!$E:$E,K$12) -> 0 | L13: =SUM(H13:K13) -> 24
A14: 逯克荣 | B14: =SUMIFS(动物台账明细!$F:$F,动物台账明细!$C:$C,$A14,动物台账明细!$B:$B,B$12) -> 0 | C14: =SUMIFS(动物台账明细!$F:$F,动物台账明细!$C:$C,$A14,动物台账明细!$B:$B,C$12) -> 103 | D14: =SUMIFS(动物台账明细!$F:$F,动物台账明细!$C:$C,$A14,动物台账明细!$B:$B,D$12) -> 0 | E14: =SUM(B14:D14) -> 103 | G14: 逯克荣 | H14: =SUMIFS(动物台账明细!$F:$F,动物台账明细!$C:$C,$G14,动物台账明细!$E:$E,H$12) -> 5 | I14: =SUMIFS(动物台账明细!$F:$F,动物台账明细!$C:$C,$G14,动物台账明细!$E:$E,I$12) -> 98 | J14: =SUMIFS(动物台账明细!$F:$F,动物台账明细!$C:$C,$G14,动物台账明细!$E:$E,J$12) -> 0 | K14: =SUMIFS(动物台账明细!$F:$F,动物台账明细!$C:$C,$G14,动物台账明细!$E:$E,K$12) -> 0 | L14: =SUM(H14:K14) -> 103
A15: 成文军 | B15: =SUMIFS(动物台账明细!$F:$F,动物台账明细!$C:$C,$A15,动物台账明细!$B:$B,B$12) -> 0 | C15: =SUMIFS(动物台账明细!$F:$F,动物台账明细!$C:$C,$A15,动物台账明细!$B:$B,C$12) -> 45 | D15: =SUMIFS(动物台账明细!$F:$F,动物台账明细!$C:$C,$A15,动物台账明细!$B:$B,D$12) -> 0 | E15: =SUM(B15:D15) -> 45 | G15: 成文军 | H15: =SUMIFS(动物台账明细!$F:$F,动物台账明细!$C:$C,$G15,动物台账明细!$E:$E,H$12) -> 35 | I15: =SUMIFS(动物台账明细!$F:$F,动物台账明细!$C:$C,$G15,动物台账明细!$E:$E,I$12) -> 10 | J15: =SUMIFS(动物台账明细!$F:$F,动物台账明细!$C:$C,$G15,动物台账明细!$E:$E,J$12) -> 0 | K15: =SUMIFS(动物台账明细!$F:$F,动物台账明细!$C:$C,$G15,动物台账明细!$E:$E,K$12) -> 0 | L15: =SUM(H15:K15) -> 45
A16: 侯娇 | B16: =SUMIFS(动物台账明细!$F:$F,动物台账明细!$C:$C,$A16,动物台账明细!$B:$B,B$12) -> 0 | C16: =SUMIFS(动物台账明细!$F:$F,动物台账明细!$C:$C,$A16,动物台账明细!$B:$B,C$12) -> 0 | D16: =SUMIFS(动物台账明细!$F:$F,动物台账明细!$C:$C,$A16,动物台账明细!$B:$B,D$12) -> 30 | E16: =SUM(B16:D16) -> 30 | G16: 侯娇 | H16: =SUMIFS(动物台账明细!$F:$F,动物台账明细!$C:$C,$G16,动物台账明细!$E:$E,H$12) -> 0 | I16: =SUMIFS(动物台账明细!$F:$F,动物台账明细!$C:$C,$G16,动物台账明细!$E:$E,I$12) -> 0 | J16: =SUMIFS(动物台账明细!$F:$F,动物台账明细!$C:$C,$G16,动物台账明细!$E:$E,J$12) -> 0 | K16: =SUMIFS(动物台账明细!$F:$F,动物台账明细!$C:$C,$G16,动物台账明细!$E:$E,K$12) -> 30 | L16: =SUM(H16:K16) -> 30
A17: 王世龙 | B17: =SUMIFS(动物台账明细!$F:$F,动物台账明细!$C:$C,$A17,动物台账明细!$B:$B,B$12) -> 0 | C17: =SUMIFS(动物台账明细!$F:$F,动物台账明细!$C:$C,$A17,动物台账明细!$B:$B,C$12) -> 0 | D17: =SUMIFS(动物台账明细!$F:$F,动物台账明细!$C:$C,$A17,动物台账明细!$B:$B,D$12) -> 12 | E17: =SUM(B17:D17) -> 12 | G17: 王世龙 | H17: =SUMIFS(动物台账明细!$F:$F,动物台账明细!$C:$C,$G17,动物台账明细!$E:$E,H$12) -> 0 | I17: =SUMIFS(动物台账明细!$F:$F,动物台账明细!$C:$C,$G17,动物台账明细!$E:$E,I$12) -> 0 | J17: =SUMIFS(动物台账明细!$F:$F,动物台账明细!$C:$C,$G17,动物台账明细!$E:$E,J$12) -> 0 | K17: =SUMIFS(动物台账明细!$F:$F,动物台账明细!$C:$C,$G17,动物台账明细!$E:$E,K$12) -> 12 | L17: =SUM(H17:K17) -> 12
A18: 合计 | B18: =SUM(B13:B17) -> 24 | C18: =SUM(C13:C17) -> 148 | D18: =SUM(D13:D17) -> 42 | E18: =SUM(E13:E17) -> 214 | G18: 合计 | H18: =SUM(H13:H17) -> 46 | I18: =SUM(I13:I17) -> 118 | J18: =SUM(J13:J17) -> 8 | K18: =SUM(K13:K17) -> 42 | L18: =SUM(L13:L17) -> 214
A21: 三、负责人待补事项汇总（独立于品系/状态矩阵）
A22: 负责人 | B22: 高优先级待补（项） | C22: 日期待补（项） | D22: 主要待补内容 | E22: 管理备注
A23: 科研小组（待分配） | B23: 1 | C23: 1 | D23: 沙鼠负责人、S-003/S-004保种日期或接种完整信息。 | I23: 沙鼠暂列待分配，建议明确具体负责人。
A24: 逯克荣 | B24: 1 | C24: 1 | D24: C-001模型类型/造模方法；C-002入组日期、笼号、性别、周龄、来源。 | I24: 已有造模日期：2026-05-20。
A25: 成文军 | B25: 1 | C25: 2 | D25: C-003实验名称、实验开始日期、处理/模型类型；C-004基础信息。 | I25: 35只实验中需优先补实验开始日期。
A26: 侯娇 | B26: 5 | C26: 5 | D26: G-001至G-005基因型、代次/窝号、繁育日期、亲本信息、笼号、性别。 | I26: 基因鼠繁育中，建议按窝号分批补录。
A27: 王世龙 | B27: 4 | C27: 4 | D27: G-006至G-009基因型、代次/窝号、繁育日期、亲本信息、笼号、性别。 | I27: 基因鼠繁育中，建议按窝号分批补录。
A28: 合计 | B28: 12 | C28: 13 | D28: 以上待补项按记录条目统计，后续可随明细补录同步更新。 | I28: 总动物数仍为214只。

Sheet 动物台账明细
A1: 科研小组动物台账明细（补充保种日期版）
A2: 说明：本版已将“首次/开始日期”明确修订为“保种日期”；已知沙鼠保种日期2025-07-25已补入，未明确者在备注和待补字段中标注。总数=214只，不含统计图。
A3: 台账编号 | B3: 动物种类/品系 | C3: 负责人 | D3: 分组/用途 | E3: 当前状态 | F3: 数量（只） | G3: 原始日期描述 | H3: 保种日期 | I3: 复种日期 | J3: 接种/造模日期 | K3: 记录/入账日期 | L3: 日期完整性 | M3: 待补优先级 | N3: 笼号 | O3: 性别 | P3: 周龄/日龄 | Q3: 来源/供应商 | R3: 基因型/代次 | S3: 接种材料/模型类型 | T3: 动物房/笼架位置 | U3: 备注 | V3: 待补关键字段
A4: S-001 | B4: 沙鼠 | C4: 科研小组（待分配） | D4: 保种/复种 | E4: 保种 | F4: 5 | G4: 2025年7月25日保种；2026年2月7日复种5只 | H4: 45863 | I4: 46060 | L4: 完整 | M4: 中 | N4: 待补 | O4: 待补 | P4: 待补 | Q4: 待补 | R4: 不适用 | S4: 保种复种 | T4: 待补 | U4: 已补充保种日期：2025-07-25；复种日期：2026-02-07；属于沙鼠14只保种状态中的5只。 | V4: 笼号、性别、周龄/日龄、来源、动物房位置
A5: S-002 | B5: 沙鼠 | C5: 科研小组（待分配） | D5: 保种 | E5: 保种 | F5: 3 | G5: 2025年7月25日保种3只；原始记录写作‘保重’，按‘保种’处理 | H5: 45863 | L5: 部分完整 | M5: 中 | N5: 待补 | O5: 待补 | P5: 待补 | Q5: 待补 | R5: 不适用 | S5: 保种 | T5: 待补 | U5: 已补充保种日期：2025-07-25；未提供后续复种或其他处理日期。 | V5: 笼号、性别、周龄/日龄、来源、动物房位置、是否已复种
A6: S-003 | B6: 沙鼠 | C6: 科研小组（待分配） | D6: 人源病灶接种 | E6: 实验中 | F6: 2 | G6: 2026年接种人源病灶2只 | L6: 待补 | M6: 高 | N6: 待补 | O6: 待补 | P6: 待补 | Q6: 待补 | R6: 不适用 | S6: 人源病灶接种 | T6: 待补 | U6: 原始记录仅给出2026年接种人源病灶，未明确保种日期；如属于2025-07-25同一保种批次，需人工确认后回填。 | V6: 保种日期、接种具体日期、病灶来源/编号、接种部位、接种量、笼号、性别、周龄/日龄
A7: S-004 | B7: 沙鼠 | C7: 科研小组（待分配） | D7: 头节接种 | E7: 实验中 | F7: 4 | G7: 2026年5月17日接种头节4只 | J7: 46159 | L7: 部分完整 | M7: 中 | N7: 待补 | O7: 待补 | P7: 待补 | Q7: 待补 | R7: 不适用 | S7: 头节接种 | T7: 待补 | U7: 已标准化头节接种日期：2026-05-17；原始记录未明确该4只的保种日期，需确认是否同为2025-07-25保种批。 | V7: 保种日期、头节来源/批号、接种部位、接种量、笼号、性别、周龄/日龄、动物房位置
A8: S-005 | B8: 沙鼠 | C8: 科研小组（待分配） | D8: 空白对照 | E8: 空白 | F8: 10 | G8: 空白沙鼠10只；2026年6月6日记录 | K8: 46179 | L8: 完整 | M8: 低 | N8: 待补 | O8: 待补 | P8: 待补 | Q8: 待补 | R8: 不适用 | S8: 空白对照 | T8: 待补 | U8: 已标准化记录/入账日期；未进行接种或造模。 | V8: 笼号、性别、周龄/日龄、来源、动物房位置
A9: C-001 | B9: C57BL/6J | C9: 逯克荣 | D9: 造模组 | E9: 实验中 | F9: 5 | G9: 2026年5月20日造模5只 | J9: 46162 | L9: 完整 | M9: 高 | N9: 待补 | O9: 待补 | P9: 待补 | Q9: 待补 | R9: 不适用 | S9: 模型类型待补 | T9: 待补 | U9: 已标准化造模日期；模型具体类型、处理方法和动物基础信息待补。 | V9: 模型类型、造模方法/剂量/部位、笼号、性别、周龄/日龄、来源
A10: C-002 | B10: C57BL/6J | C10: 逯克荣 | D10: 空白组 | E10: 空白 | F10: 98 | G10: 空白98只；原始记录未注明日期 | L10: 待补 | M10: 中 | N10: 待补 | O10: 待补 | P10: 待补 | Q10: 待补 | R10: 不适用 | S10: 空白对照 | T10: 待补 | U10: 未提供入组或入账日期。 | V10: 入组/入账日期、笼号、性别、周龄/日龄、来源、动物房位置
A11: C-003 | B11: C57BL/6J | C11: 成文军 | D11: 实验组 | E11: 实验中 | F11: 35 | G11: 35只实验中；原始记录未注明日期 | L11: 待补 | M11: 高 | N11: 待补 | O11: 待补 | P11: 待补 | Q11: 待补 | R11: 不适用 | S11: 实验名称待补 | T11: 待补 | U11: 实验名称、开始日期和处理方式均需补录。 | V11: 实验名称、开始日期、处理/模型类型、笼号、性别、周龄/日龄、来源
A12: C-004 | B12: C57BL/6J | C12: 成文军 | D12: 空白组 | E12: 空白 | F12: 10 | G12: 空白10只；原始记录未注明日期 | L12: 待补 | M12: 中 | N12: 待补 | O12: 待补 | P12: 待补 | Q12: 待补 | R12: 不适用 | S12: 空白对照 | T12: 待补 | U12: 未提供入组或入账日期。 | V12: 入组/入账日期、笼号、性别、周龄/日龄、来源、动物房位置
A13: G-001 | B13: 基因鼠 | C13: 侯娇 | D13: 繁育批次1 | E13: 繁育中 | F13: 8 | G13: 侯娇基因鼠8+7+7+3+5=30只；繁育中 | L13: 待补 | M13: 高 | N13: 待补 | O13: 待补 | P13: 待补 | Q13: 待补 | R13: 待补 | S13: 繁育 | T13: 待补 | U13: 按原始加和拆分为5个繁育批次，批次日期未提供。 | V13: 基因型、代次/窝号、繁育日期、亲本信息、笼号、性别、周龄/日龄
A14: G-002 | B14: 基因鼠 | C14: 侯娇 | D14: 繁育批次2 | E14: 繁育中 | F14: 7 | G14: 侯娇基因鼠8+7+7+3+5=30只；繁育中 | L14: 待补 | M14: 高 | N14: 待补 | O14: 待补 | P14: 待补 | Q14: 待补 | R14: 待补 | S14: 繁育 | T14: 待补 | U14: 按原始加和拆分为5个繁育批次，批次日期未提供。 | V14: 基因型、代次/窝号、繁育日期、亲本信息、笼号、性别、周龄/日龄
A15: G-003 | B15: 基因鼠 | C15: 侯娇 | D15: 繁育批次3 | E15: 繁育中 | F15: 7 | G15: 侯娇基因鼠8+7+7+3+5=30只；繁育中 | L15: 待补 | M15: 高 | N15: 待补 | O15: 待补 | P15: 待补 | Q15: 待补 | R15: 待补 | S15: 繁育 | T15: 待补 | U15: 按原始加和拆分为5个繁育批次，批次日期未提供。 | V15: 基因型、代次/窝号、繁育日期、亲本信息、笼号、性别、周龄/日龄
A16: G-004 | B16: 基因鼠 | C16: 侯娇 | D16: 繁育批次4 | E16: 繁育中 | F16: 3 | G16: 侯娇基因鼠8+7+7+3+5=30只；繁育中 | L16: 待补 | M16: 高 | N16: 待补 | O16: 待补 | P16: 待补 | Q16: 待补 | R16: 待补 | S16: 繁育 | T16: 待补 | U16: 按原始加和拆分为5个繁育批次，批次日期未提供。 | V16: 基因型、代次/窝号、繁育日期、亲本信息、笼号、性别、周龄/日龄
A17: G-005 | B17: 基因鼠 | C17: 侯娇 | D17: 繁育批次5 | E17: 繁育中 | F17: 5 | G17: 侯娇基因鼠8+7+7+3+5=30只；繁育中 | L17: 待补 | M17: 高 | N17: 待补 | O17: 待补 | P17: 待补 | Q17: 待补 | R17: 待补 | S17: 繁育 | T17: 待补 | U17: 按原始加和拆分为5个繁育批次，批次日期未提供。 | V17: 基因型、代次/窝号、繁育日期、亲本信息、笼号、性别、周龄/日龄
A18: G-006 | B18: 基因鼠 | C18: 王世龙 | D18: 繁育批次1 | E18: 繁育中 | F18: 3 | G18: 王世龙基因鼠3+3+3+3=12只；繁育中 | L18: 待补 | M18: 高 | N18: 待补 | O18: 待补 | P18: 待补 | Q18: 待补 | R18: 待补 | S18: 繁育 | T18: 待补 | U18: 按原始加和拆分为4个繁育批次，批次日期未提供。 | V18: 基因型、代次/窝号、繁育日期、亲本信息、笼号、性别、周龄/日龄
A19: G-007 | B19: 基因鼠 | C19: 王世龙 | D19: 繁育批次2 | E19: 繁育中 | F19: 3 | G19: 王世龙基因鼠3+3+3+3=12只；繁育中 | L19: 待补 | M19: 高 | N19: 待补 | O19: 待补 | P19: 待补 | Q19: 待补 | R19: 待补 | S19: 繁育 | T19: 待补 | U19: 按原始加和拆分为4个繁育批次，批次日期未提供。 | V19: 基因型、代次/窝号、繁育日期、亲本信息、笼号、性别、周龄/日龄
A20: G-008 | B20: 基因鼠 | C20: 王世龙 | D20: 繁育批次3 | E20: 繁育中 | F20: 3 | G20: 王世龙基因鼠3+3+3+3=12只；繁育中 | L20: 待补 | M20: 高 | N20: 待补 | O20: 待补 | P20: 待补 | Q20: 待补 | R20: 待补 | S20: 繁育 | T20: 待补 | U20: 按原始加和拆分为4个繁育批次，批次日期未提供。 | V20: 基因型、代次/窝号、繁育日期、亲本信息、笼号、性别、周龄/日龄
A21: G-009 | B21: 基因鼠 | C21: 王世龙 | D21: 繁育批次4 | E21: 繁育中 | F21: 3 | G21: 王世龙基因鼠3+3+3+3=12只；繁育中 | L21: 待补 | M21: 高 | N21: 待补 | O21: 待补 | P21: 待补 | Q21: 待补 | R21: 待补 | S21: 繁育 | T21: 待补 | U21: 按原始加和拆分为4个繁育批次，批次日期未提供。 | V21: 基因型、代次/窝号、繁育日期、亲本信息、笼号、性别、周龄/日龄

Sheet 待补字段清单
A1: 待补字段清单（补充保种日期后）
A2: 用途：用于下一步补录关键字段。本版已明确补入S-001、S-002保种日期；S-003、S-004的保种日期仍需根据原始笼卡/实验记录确认。
A3: 序号 | B3: 优先级 | C3: 涉及记录 | D3: 数量（只） | E3: 已有日期信息 | F3: 已完善日期列 | G3: 仍需补充关键字段 | H3: 建议补录位置 | I3: 说明
A4: 1 | B4: 高 | C4: S-003 沙鼠人源病灶接种 | D4: 2 | E4: 仅有2026年，缺月日；保种日期未明确 | F4: 无精确日期 | G4: 接种具体日期、保种日期、病灶来源/编号、接种部位、接种量、笼号、性别、周龄/日龄 | H4: 动物台账明细 S-003 | I4: 实验中且日期不完整，建议优先补。
A5: 2 | B5: 高 | C5: C-001 逯克荣C57造模组 | D5: 5 | E5: 2026-05-20造模 | F5: 接种/造模日期 | G5: 模型类型、造模方法/剂量/部位、笼号、性别、周龄/日龄、来源 | H5: 动物台账明细 C-001 | I5: 已有造模日期，但模型信息不完整。
A6: 3 | B6: 高 | C6: C-003 成文军C57实验组 | D6: 35 | E6: 未提供 | F6: 无 | G6: 实验名称、实验开始日期、处理/模型类型、笼号、性别、周龄/日龄、来源 | H6: 动物台账明细 C-003 | I6: 实验中数量较大，需尽快补实验信息。
A7: 4 | B7: 高 | C7: G-001至G-009 基因鼠繁育批次 | D7: 42 | E7: 未提供 | F7: 无 | G7: 基因型、代次/窝号、繁育日期、亲本信息、笼号、性别、周龄/日龄 | H7: 动物台账明细 G-001:G-009 | I7: 繁育动物需要完整基因背景与代次记录。
A8: 5 | B8: 中 | C8: S-001 沙鼠保种/复种 | D8: 5 | E8: 2025-07-25保种；2026-02-07复种 | F8: 保种日期、复种日期 | G8: 笼号、性别、周龄/日龄、来源、动物房位置 | H8: 动物台账明细 S-001 | I8: 日期已完整，补基础信息即可。
A9: 6 | B9: 中 | C9: S-002 沙鼠保种 | D9: 3 | E9: 2025-07-25保种 | F9: 保种日期 | G9: 是否复种、笼号、性别、周龄/日龄、来源、动物房位置 | H9: 动物台账明细 S-002 | I9: 保种日期已补齐；需确认是否有后续复种。
A10: 7 | B10: 中 | C10: S-004 沙鼠头节接种 | D10: 4 | E10: 2026-05-17接种头节 | F10: 接种/造模日期 | G10: 保种日期、头节来源/批号、接种部位、接种量、笼号、性别、周龄/日龄 | H10: 动物台账明细 S-004 | I10: 已有接种日期，仍需确认保种日期及接种材料信息。
A11: 8 | B11: 中 | C11: C-002 逯克荣C57空白组 | D11: 98 | E11: 未提供 | F11: 无 | G11: 入组/入账日期、笼号、性别、周龄/日龄、来源、动物房位置 | H11: 动物台账明细 C-002 | I11: 数量最大，建议分笼逐批补录。
A12: 9 | B12: 中 | C12: C-004 成文军C57空白组 | D12: 10 | E12: 未提供 | F12: 无 | G12: 入组/入账日期、笼号、性别、周龄/日龄、来源、动物房位置 | H12: 动物台账明细 C-004 | I12: 空白组也需补齐基础信息。
A13: 10 | B13: 低 | C13: S-005 空白沙鼠 | D13: 10 | E13: 2026-06-06记录 | F13: 记录/入账日期 | G13: 笼号、性别、周龄/日龄、来源、动物房位置 | H13: 动物台账明细 S-005 | I13: 日期已记录，补基础信息即可。

Sheet 字典_下拉选项
A1: 动物种类/品系 | B1: 负责人 | C1: 当前状态 | D1: 实验属性 | E1: 日期完整性 | F1: 待补优先级 | G1: 性别
A2: 沙鼠 | B2: 科研小组（待分配） | C2: 保种 | D2: 保种 | E2: 完整 | F2: 高 | G2: 雄
A3: C57BL/6J | B3: 逯克荣 | C3: 实验中 | D3: 接种/实验 | E3: 部分完整 | F3: 中 | G3: 雌
A4: 基因鼠 | B4: 成文军 | C4: 空白 | D4: 造模/实验 | E4: 待补 | F4: 低 | G4: 混合/待分
B5: 侯娇 | C5: 繁育中 | D5: 实验
B6: 王世龙 | D6: 空白
D7: 繁育

Sheet 保种日期核对
A1: 沙鼠保种日期补充与核对表
A2: 说明：已明确记录的沙鼠保种日期补为2025-07-25；原始资料未明确的接种组暂列为“待确认”，避免把日期误补到不确定批次。
A3: 台账编号 | B3: 数量（只） | C3: 分组/用途 | D3: 保种日期 | E3: 保种日期状态 | F3: 后续日期/事件 | G3: 原始依据 | H3: 处理建议 | I3: 是否需人工确认
A4: S-001 | B4: 5 | C4: 保种/复种 | D4: 45863 | E4: 已补 | F4: 2026-02-07复种 | G4: 原始记录：2025年7月25日保种；2026年2月7日复种5只 | H4: 保种日期已补齐；继续补笼号、性别、周龄、来源和笼位。 | I4: 否
A5: S-002 | B5: 3 | C5: 保种 | D5: 45863 | E5: 已补 | F5: 无后续日期 | G5: 原始记录：2025年7月25日保种3只（“保重”按“保种”处理） | H5: 保种日期已补齐；需确认是否复种。 | I5: 否
A6: S-003 | B6: 2 | C6: 人源病灶接种 | E6: 待确认 | F6: 2026年接种人源病灶，缺月日 | G6: 原始记录未写保种日期，只写2026年接种人源病灶2只 | H6: 优先核对是否属于2025-07-25保种批；同时补接种具体日期。 | I6: 是
A7: S-004 | B7: 4 | C7: 头节接种 | E7: 待确认 | F7: 2026-05-17接种头节 | G7: 原始记录未写保种日期，只写2026年5月17日接种头节4只 | H7: 核对是否属于2025-07-25保种批；若确认，可回填保种日期。 | I7: 是
A8: S-005 | B8: 10 | C8: 空白对照 | E8: 不适用 | F8: 2026-06-06记录/入账 | G8: 空白沙鼠10只（2026年6月6日） | H8: 空白组不作为保种记录；补基础信息即可。 | I8: 否
